Wall time,Step,Value
1619290936.2025132,50600,316.0
1619291138.6489115,51900,410.0
1619291232.137792,52500,384.0
1619291482.2564573,54100,664.0
1619291513.3195257,54300,460.0
1619291560.1023533,54600,552.0
1619291685.1128979,55400,278.0
1619291731.8985722,55700,374.0
1619291965.46034,57200,360.0
1619292012.1901734,57500,380.0
1619292324.0415554,59500,436.0
1619292449.050647,60300,566.0
1619292511.6667786,60700,714.0
1619292823.800411,62700,334.0
1619293026.8250859,64000,544.0
1619293276.451067,65600,516.0
1619293323.329372,65900,622.0
1619293463.7289078,66800,486.0
1619293635.0047824,67900,490.0
1619293713.0194793,68400,426.0
1619293744.1863527,68600,270.0
1619293822.0402524,69100,258.0
1619294430.849578,73000,686.0
1619294508.748276,73500,582.0
1619294743.03526,75000,382.0
1619294836.6761868,75600,666.0
1619294914.6661475,76100,372.0
1619295024.2209895,76800,768.0
1619295118.1000512,77400,814.0
1619295414.91162,79300,402.0
1619295665.4574192,80900,796.0
1619295696.639451,81100,734.0
1619295821.6836922,81900,544.0
1619296009.4627578,83100,662.0
1619296149.9368083,84000,314.0
1619296274.9116766,84800,506.0
1619296525.1121051,86400,570.0
1619296587.5186255,86800,468.0
1619297430.575077,92200,362.0
1619297446.1879296,92300,362.0
1619297710.913004,94000,348.0
1619297757.8950534,94300,430.0
1619297804.9101746,94600,508.0
1619298038.9600933,96100,442.0
1619298085.7548106,96400,646.0
1619298101.4751046,96500,646.0
1619298257.8212621,97500,428.0
1619298524.1678467,99200,590.0
1619298555.7205696,99400,590.0
1619298927.1238773,101500,622.0
1619299192.988035,103200,452.0
1619299271.1393604,103700,356.0
1619299693.2854235,106400,368.0
1619299848.8961651,107400,534.0
1619299942.1909368,108000,380.0
1619299973.512571,108200,362.0
1619300051.6703372,108700,390.0
1619300067.1911561,108800,410.0
1619300301.4950578,110300,448.0
1619300582.6454465,112100,294.0
1619300613.7339897,112300,294.0
1619300801.0889268,113500,844.0
1619300910.4612818,114200,390.0
1619300926.0414991,114300,384.0
1619300957.2657502,114500,354.0
1619301004.0971625,114800,440.0
1619301035.1004736,115000,406.0
1619301221.9014456,116200,678.0
1619301377.49231,117200,368.0
1619301564.8435054,118400,512.0
1619301642.794573,118900,486.0
1619302048.2233055,121500,634.0
1619302110.7670372,121900,280.0
1619302173.372093,122300,418.0
1619302188.8330073,122400,418.0
1619302298.163877,123100,478.0
1619302438.4975355,124000,790.0
1619302500.842949,124400,970.0
1619302563.148341,124800,566.0
1619302641.2540238,125300,514.0
1619302703.6757085,125700,364.0
1619302844.0657887,126600,438.0
1619302906.4648097,127000,428.0
1619302937.637666,127200,454.0
1619302968.823883,127400,666.0
1619303077.8068495,128100,724.0
1619303155.4697661,128600,554.0
1619303186.787567,128800,568.0
1619303264.7913752,129300,432.0
1619303295.8926306,129500,360.0
1619303358.338802,129900,344.0
1619303420.8559556,130300,402.0
1619303514.4290912,130900,580.0
1619303530.074192,131000,518.0
1619303888.7701585,133300,606.0
1619303950.9464617,133700,534.0
1619304463.995862,137000,476.0
1619304572.97213,137700,342.0
1619304666.449654,138300,304.0
1619304884.3887362,139700,344.0
1619304946.9299521,140100,408.0
1619305056.2851734,140800,442.0
1619305087.5998092,141000,416.0
1619305181.1653056,141600,466.0
1619305212.4630845,141800,466.0
1619305430.3215153,143200,474.0
1619305445.7733076,143300,456.0
1619305601.7593665,144300,330.0
1619305648.579178,144600,414.0
1619305788.7661006,145500,718.0
1619305851.2323008,145900,670.0
1619305914.0294228,146300,548.0
1619306054.7800894,147200,358.0
1619306070.4478896,147300,404.0
1619306164.1291077,147900,570.0
1619306179.6923432,148000,570.0
1619306257.745172,148500,366.0
1619306537.568744,150300,398.0
1619306624.7046072,150600,376.0
1619306764.0482624,151500,454.0
1619307229.615951,154500,510.0
1619307431.843311,155800,434.0
1619307525.1065116,156400,430.0
1619307571.7096045,156700,402.0
1619307602.7660897,156900,376.0
1619307665.0193808,157300,442.0
1619307758.5413663,157900,412.0
1619307836.6322863,158400,488.0
1619307992.2397313,159400,680.0
1619308086.0553637,160000,578.0
1619308164.1683576,160500,544.0
1619308319.7130342,161500,480.0
1619308397.557638,162000,514.0
1619308973.4776073,165700,546.0
1619309035.7987168,166100,552.0
1619309051.3326137,166200,510.0
1619309066.9368777,166300,530.0
1619309347.471208,168100,522.0
1619309535.0254714,169300,616.0
1619309550.549487,169400,610.0
1619309644.072097,170000,630.0
1619309753.099055,170700,530.0
1619310157.8822353,173300,724.0
1619310344.7541149,174500,576.0
1619310515.9119914,175600,390.0
1619310562.3955076,175900,342.0
1619310608.9563117,176200,290.0
1619310919.770843,178200,636.0
1619311012.9409788,178800,412.0
1619311121.578385,179500,592.0
1619311214.8376822,180100,580.0
1619311463.4064748,181700,406.0
1619311509.9748251,182000,388.0
1619311681.1980906,183100,566.0
1619311727.6453583,183400,534.0
1619311774.2071874,183700,300.0
1619311789.7297268,183800,300.0
1619312535.5838363,188600,396.0
1619312582.476574,188900,486.0
1619312629.2290425,189200,444.0
1619312644.8409443,189300,434.0
1619312987.3857412,191500,380.0
1619313174.535815,192700,400.0
1619313205.713034,192900,572.0
1619313267.9457521,193300,512.0
1619313330.2467701,193700,402.0
1619313392.4711032,194100,368.0
1619313782.083118,196600,506.0
1619313797.5399523,196700,528.0
1619313968.4848273,197800,572.0
1619314093.0405922,198600,796.0
1619314155.1933236,199000,760.0
1619314186.2195323,199200,882.0
1619314485.5998156,200900,402.0
1619314719.2763476,202400,618.0
1619314781.7126105,202800,550.0
1619315170.9049933,205300,364.0
1619315420.0673847,206900,606.0
1619315435.7197232,207000,508.0
1619315669.0197313,208500,500.0
1619315731.2432144,208900,494.0
1619315979.9376402,210500,580.0
1619315995.520208,210600,566.0
1619316198.1459608,211900,658.0
1619316338.2960918,212800,408.0
1619316415.9605582,213300,272.0
1619316493.7670746,213800,284.0
1619316540.3372471,214100,416.0
1619316618.3467877,214600,490.0
1619316665.098131,214900,540.0
1619316852.6782327,216100,630.0
1619316976.9751287,216900,346.0
1619317086.005712,217600,338.0
1619317194.926223,218300,340.0
1619317335.3777502,219200,568.0
1619317397.794534,219600,614.0
1619317428.8527136,219800,506.0
1619317460.1430082,220000,502.0
1619317506.9566255,220300,658.0
1619317616.0615737,221000,480.0
1619317756.229139,221900,320.0
1619317911.9711602,222900,446.0
1619317974.1868298,223300,518.0
1619318005.1250348,223500,550.0
1619318051.7569194,223800,512.0
1619318129.468486,224300,414.0
1619318176.295268,224600,402.0
1619318191.8774295,224700,420.0
1619318207.437249,224800,420.0
1619318503.8931727,226700,410.0
1619318644.521991,227600,474.0
1619318737.9762936,228200,620.0
1619318847.191237,228900,492.0
1619318862.7244976,229000,492.0
1619319003.1193676,229900,486.0
1619319112.194277,230600,368.0
1619319439.0910122,232700,652.0
1619319501.682122,233100,440.0
1619319657.5295382,234100,478.0
1619319719.7417417,234500,412.0
1619319859.9469433,235400,512.0
1619320062.777682,236700,540.0
1619320109.500187,237000,500.0
1619320202.708144,237600,328.0
1619320233.6555989,237800,310.0
1619320763.5245976,241200,498.0
1619320856.9947302,241800,478.0
1619321121.822709,243500,322.0
1619321153.014094,243700,336.0
1619321277.429281,244500,354.0
1619321324.0404675,244800,412.0
1619321355.223369,245000,314.0
1619321636.0299585,246800,496.0
1619321854.1863873,248200,482.0
1619321885.2796574,248400,372.0
1619322165.7541013,250200,380.0
1619322265.8271031,250600,442.0
1619322390.439464,251400,416.0
1619322655.079729,253100,466.0
1619322748.8687875,253700,546.0
1619323123.0761528,256100,718.0
1619323309.434526,257300,304.0
1619323325.084023,257400,304.0
1619323371.976132,257700,346.0
1619323387.5149724,257800,346.0
1619323418.7092452,258000,368.0
1619323449.8128998,258200,374.0
1619323512.057871,258600,326.0
1619323574.4585044,259000,344.0
1619323683.7147067,259700,398.0
1619323917.7275221,261200,456.0
1619324447.435607,264600,502.0
1619324509.91202,265000,708.0
1619324541.1372478,265200,688.0
1619324619.0203505,265700,682.0
1619324759.3535225,266600,570.0
1619324946.5065877,267800,590.0
1619325102.0567462,268800,418.0
1619325132.9834664,269000,368.0
1619325164.072672,269200,358.0
1619325179.6681468,269300,358.0
1619325242.003091,269700,336.0
1619325288.911615,270000,348.0
1619325413.3003807,270800,464.0
1619325475.615469,271200,364.0
1619325693.7102485,272600,568.0
1619325787.229114,273200,496.0
1619325865.1605132,273700,468.0
1619325880.7182415,273800,638.0
1619325911.828983,274000,628.0
1619325958.1475813,274300,588.0
1619326019.7806664,274700,312.0
1619326035.2603512,274800,312.0
1619326143.5891256,275500,350.0
1619326189.962895,275800,400.0
1619326267.101595,276300,418.0
1619326560.3625662,278200,504.0
1619326714.7920098,279200,904.0
1619326807.513151,279800,392.0
1619326900.1624084,280400,732.0
1619326961.7596939,280800,864.0
1619327146.655683,282000,570.0
1619327162.1280794,282100,570.0
1619327548.521351,284600,458.0
1619327687.4107466,285500,516.0
1619327949.6841857,287200,430.0
1619328227.697957,289000,720.0
1619328243.1501746,289100,570.0
1619328273.8823733,289300,428.0
1619328428.4339952,290300,318.0
1619328490.205388,290700,376.0
1619328783.9397683,292600,622.0
1619328953.865238,293700,464.0
1619329077.5080292,294500,430.0
1619329170.24618,295100,570.0
1619329185.7170265,295200,570.0
1619329216.6558084,295400,640.0
1619329247.6952484,295600,504.0
1619329325.1745338,296100,598.0
1619329711.7150166,298600,554.0
1619329727.2288187,298700,426.0
1619329881.8956194,299700,350.0
1619329912.9773564,299900,384.0
1619329990.2404141,300400,386.0
1619330243.463779,301800,688.0
1619330336.2716193,302400,910.0
1619330475.4769125,303300,438.0
1619330707.9480631,304800,706.0
1619330769.7953963,305200,836.0
1619330800.70571,305400,686.0
1619331001.9890435,306700,450.0
1619331187.8850405,307900,548.0
1619331373.7789774,309100,688.0
1619331528.217264,310100,510.0
1619331621.1939018,310700,744.0
1619331884.1970806,312400,384.0
1619331976.9328992,313000,506.0
1619331992.2813632,313100,430.0
1619332116.3115034,313900,354.0
1619332208.9961472,314500,286.0
1619332301.9626882,315100,592.0
1619332379.361529,315600,814.0
1619332735.539926,317900,396.0
1619332843.7827702,318600,338.0
1619332921.3128412,319100,448.0
1619333122.1244876,320400,852.0
1619333230.2788265,321100,532.0
1619333462.1966949,322600,490.0
1619333647.80554,323800,624.0
1619333694.3958294,324100,504.0
1619333911.420105,325500,594.0
1619333926.8883219,325600,586.0
1619333957.814411,325800,716.0
1619334453.2094724,329000,438.0
1619334468.8067772,329100,358.0
1619334484.3713408,329200,358.0
1619334592.8252156,329900,566.0
1619334763.3500803,331000,452.0
1619334994.7977912,332500,622.0
1619335072.2594123,333000,662.0
1619335537.9883697,336000,412.0
1619335740.5259132,337300,386.0
1619335880.5171936,338200,734.0
1619336020.2561643,339100,346.0
1619336113.7175913,339700,404.0
1619336175.8356879,340100,540.0
1619336440.5265234,341800,392.0
1619336471.7013977,342000,392.0
1619336487.2407959,342100,778.0
1619336673.922886,343300,592.0
1619336954.3555975,345100,472.0
1619337219.2160633,346800,580.0
1619337343.7472785,347600,316.0
1619337701.9091182,349900,604.0
1619337878.8527484,350800,466.0
1619337910.0878408,351000,418.0
1619337941.261598,351200,384.0
1619338003.595355,351600,416.0
1619338019.1606607,351700,384.0
1619338190.6539838,352800,438.0
1619338237.363235,353100,498.0
1619338362.641052,353900,470.0
1619338409.3973262,354200,578.0
1619338549.5902774,355100,736.0
1619338783.0735683,356600,390.0
1619338845.434703,357000,374.0
1619338876.658657,357200,388.0
1619339110.337818,358700,438.0
1619339312.8084388,360000,374.0
1619339671.4786437,362300,466.0
1619339904.9344726,363800,550.0
1619339920.5959458,363900,550.0
1619340029.3311834,364600,584.0
1619340107.0616057,365100,398.0
1619340184.9148133,365600,422.0
1619340247.1688783,366000,446.0
1619340278.3263981,366200,436.0
1619340527.1225526,367800,422.0
1619340807.5280406,369600,696.0
1619340823.142873,369700,616.0
1619340932.3560417,370400,672.0
1619340978.8994954,370700,652.0
1619341352.7785819,373100,524.0
1619341399.4658601,373400,408.0
1619341508.419594,374100,438.0
1619341555.1055253,374400,442.0
1619341570.5313132,374500,484.0
1619341601.8785343,374700,416.0
1619341617.3954937,374800,354.0
1619342007.383011,377300,506.0
1619342147.502097,378200,372.0
1619342521.6768515,380600,362.0
1619342646.1875963,381400,380.0
1619342864.226498,382800,484.0
1619342879.7642949,382900,484.0
1619342957.7495668,383400,520.0
1619343144.8021226,384600,482.0
1619343596.3109784,387500,452.0
1619343627.4079885,387700,442.0
1619343658.5582576,387900,516.0
1619343782.8567936,388700,558.0
1619344047.6706424,390400,406.0
1619344125.7269666,390900,316.0
1619344468.148522,393100,408.0
1619344514.7767963,393400,490.0
1619344592.7870002,393900,564.0
1619344764.3475804,395000,324.0
1619344795.643385,395200,372.0
1619344889.0074508,395800,428.0
1619344904.6552145,395900,576.0
1619344998.2566671,396500,638.0
1619345107.4367933,397200,652.0
1619345200.8233337,397800,292.0
1619345247.7550085,398100,234.0
1619345512.8869567,399800,712.0
1619345733.9896472,401000,354.0
1619345780.7318294,401300,412.0
1619345889.9031723,402000,574.0
1619346139.1875575,403600,334.0
1619346170.2639809,403800,334.0
1619346263.9484704,404400,604.0
1619346326.2084615,404800,860.0
1619346575.383801,406400,522.0
1619346840.4464262,408100,490.0
1619347151.9828393,410100,528.0
1619347432.463129,411900,488.0
1619347463.8154585,412100,508.0
1619347494.889841,412300,448.0
1619347541.580624,412600,296.0
1619347588.2731314,412900,384.0
1619347853.2561893,414600,410.0
1619348024.5517075,415700,450.0
1619348040.0898652,415800,450.0
1619348242.802154,417100,504.0
1619348710.169128,420100,480.0
1619348741.393022,420300,456.0
1619349115.742804,422700,556.0
1619349177.7733696,423100,576.0
1619349208.8749309,423300,578.0
1619349302.4872634,423900,606.0
1619349349.2417731,424200,458.0
1619349380.4043791,424400,458.0
1619349520.5858736,425300,530.0
1619349629.8455625,426000,444.0
1619349832.5699935,427300,352.0
1619349957.3071,428100,504.0
1619350159.9778788,429400,534.0
1619350191.0639365,429600,550.0
1619350237.798421,429900,466.0
1619350424.5947645,431100,446.0
1619350486.9837992,431500,416.0
1619350565.0301185,432000,334.0
1619350596.2196646,432200,382.0
1619350751.8356686,433200,328.0
1619350814.3237097,433600,352.0
1619351266.3736048,436500,614.0
1619351344.6135387,437000,370.0
1619351453.6003006,437700,436.0
1619351858.869838,440300,470.0
1619351983.3666768,441100,492.0
1619352139.131848,442100,496.0
1619352263.5149465,442900,376.0
1619352372.6205742,443600,306.0
1619352434.9574068,444000,408.0
1619352606.4197123,445100,480.0
1619352700.367833,445700,444.0
1619352793.8725479,446300,386.0
1619353136.8087142,448500,416.0
1619353308.3739119,449600,680.0
1619353386.2632775,450100,668.0
1619353565.8554442,451000,340.0
1619353581.470257,451100,340.0
1619353768.1741264,452300,440.0
1619353939.5276046,453400,520.0
1619353986.3650627,453700,526.0
1619354142.2004852,454700,498.0
1619354874.5109463,459400,500.0
1619354952.6082861,459900,420.0
1619354968.1420937,460000,372.0
1619355124.0528045,461000,496.0
1619356261.554338,468300,482.0
1619356433.3481402,469400,326.0
1619356448.899117,469500,326.0
1619356480.0538163,469700,332.0
1619356511.3886256,469900,414.0
1619356558.1195066,470200,478.0
1619356573.791545,470300,478.0
1619356963.7777598,472800,530.0
1619357041.8223913,473300,686.0
1619357088.56186,473600,732.0
1619357213.2015822,474400,650.0
1619357384.4273636,475500,562.0
1619357524.635821,476400,476.0
1619357571.311861,476700,654.0
1619357586.8089008,476800,654.0
1619357820.5488365,478300,618.0
1619358069.8407786,479900,548.0
1619358163.322549,480500,580.0
1619358225.7653518,480900,596.0
1619358365.9549627,481800,404.0
1619358397.1736062,482000,392.0
1619358537.2752876,482900,502.0
1619358599.636212,483300,488.0
1619358693.033344,483900,434.0
1619358770.7768137,484400,360.0
1619359175.9054716,487000,590.0
1619359315.9030702,487900,584.0
1619359549.0275674,489400,270.0
1619359657.817294,490100,424.0
1619359751.419356,490700,366.0
1619359813.725058,491100,396.0
1619359829.327889,491200,396.0
1619360125.6134827,493100,378.0
1619360172.4668937,493400,504.0
1619360265.7280352,494000,712.0
1619360733.0954018,497000,626.0
1619360826.638578,497600,542.0
1619360888.8881018,498000,652.0
1619360935.651504,498300,528.0
1619361060.3425212,499100,260.0
1619361091.5121648,499300,284.0
1619361397.6079128,501000,440.0
1619361413.1552668,501100,440.0
1619361708.8026156,503000,526.0
1619361724.4890885,503100,526.0
1619361771.048473,503400,518.0
1619361910.8638458,504300,350.0
1619362035.4990811,505100,494.0
1619362066.6246402,505300,472.0
1619362082.2896123,505400,472.0
1619362471.0994248,507900,338.0
1619362517.9377396,508200,396.0
1619362688.8673992,509300,838.0
1619362735.4931753,509600,702.0
1619362766.7041981,509800,686.0
1619362797.8116055,510000,616.0
1619362984.7695508,511200,360.0
1619363249.5511148,512900,722.0
1619363577.362967,515000,604.0
1619363686.5594015,515700,444.0
1619363811.10381,516500,380.0
1619363873.1807163,516900,490.0
1619363981.8192139,517600,482.0
1619363997.3777761,517700,418.0
1619364012.9372013,517800,418.0
1619364168.1852944,518800,582.0
1619364572.3473692,521400,272.0
1619364650.0732327,521900,330.0
1619364899.046135,523500,744.0
1619364976.7796857,524000,564.0
1619365070.0561001,524600,476.0
1619365132.1566792,525000,402.0
1619365147.8280377,525100,402.0
1619365272.083876,525900,396.0
1619365318.693727,526200,380.0
1619365334.0972588,526300,380.0
1619365365.2489052,526500,438.0
1619365412.0150998,526800,754.0
1619365552.194222,527700,954.0
1619365614.6617985,528100,618.0
1619365723.237657,528800,376.0
1619365738.659564,528900,320.0
1619365831.8984914,529500,480.0
1619365925.363584,530100,622.0
1619365956.4238856,530300,626.0
1619366003.189149,530600,748.0
1619366547.977018,534100,426.0
1619366734.940879,535300,424.0
1619367030.8686419,537200,542.0
1619367062.0345492,537400,486.0
1619367311.6414747,539000,478.0
1619367358.3483827,539300,468.0
1619367389.3635302,539500,392.0
1619367405.0651278,539600,560.0
1619367701.0043547,541500,494.0
1619368074.463793,543900,506.0
1619368121.4360836,544200,416.0
1619368323.739563,545500,542.0
1619368448.362534,546300,444.0
1619368588.5192242,547200,620.0
1619368635.1046903,547500,586.0
1619368666.4094741,547700,608.0
1619368681.9198415,547800,608.0
1619368899.680117,549200,358.0
1619369024.1890936,550000,442.0
1619369406.5696447,552200,384.0
1619369499.896647,552800,536.0
1619369546.6170838,553100,486.0
1619369655.531882,553800,520.0
1619369857.5987096,555100,422.0
1619369888.8123174,555300,416.0
1619369904.4749923,555400,434.0
1619370013.4811144,556100,532.0
1619370293.431731,557900,456.0
1619370650.9350634,560200,554.0
1619370729.1048956,560700,432.0
1619370744.484336,560800,432.0
1619371039.6715064,562700,450.0
1619371070.7584832,562900,476.0
1619371163.8755836,563500,456.0
1619371568.664117,566100,808.0
1619371646.6512132,566600,920.0
1619371849.2592366,567900,672.0
1619371911.430398,568300,762.0
1619372191.4944582,570100,666.0
1619372316.2378612,570900,438.0
1619372673.8133986,573200,404.0
1619372720.4999049,573500,382.0
1619372736.0953994,573600,426.0
1619372798.174253,574000,306.0
1619372813.6317017,574100,306.0
1619372875.8873398,574500,320.0
1619373217.890278,576700,528.0
1619373575.535479,579000,632.0
1619373777.889396,580300,456.0
1619374026.7885933,581900,958.0
1619374197.9801726,583000,494.0
1619374447.0629618,584600,594.0
1619374664.7413332,586000,518.0
1619374680.4095435,586100,518.0
1619374727.0569303,586400,580.0
1619374991.8574271,588100,336.0
1619375054.0856264,588500,354.0
1619375365.6127648,590500,750.0
1619375396.6969078,590700,756.0
1619375614.5785785,592100,572.0
1619375692.5936103,592600,464.0
1619375909.8929214,594000,350.0
1619375925.5047677,594100,354.0
1619375956.5273054,594300,320.0
1619376034.0493176,594800,274.0
1619376470.227673,597600,548.0
1619376610.2120683,598500,476.0
1619376719.2873273,599200,572.0
1619376781.575225,599600,632.0
1619376875.2166224,600200,492.0
1619376968.6570377,600800,370.0
1619377096.8756948,601300,380.0
1619377143.7405257,601600,334.0
1619377175.0095239,601800,392.0
1619377408.6370323,603300,498.0
1619377548.614948,604200,394.0
1619377673.0563896,605000,548.0
1619377938.0899446,606700,604.0
1619378015.6812518,607200,372.0
1619378046.8782196,607400,362.0
1619378233.6599624,608600,520.0
1619378264.7713702,608800,500.0
1619378358.010464,609400,492.0
1619378545.2513773,610600,650.0
1619378623.05713,611100,572.0
1619378778.6569738,612100,578.0
1619378934.170762,613100,362.0
1619379369.7566266,615900,574.0
1619379400.9220638,616100,612.0
1619379463.379668,616500,498.0
1619379697.036452,618000,488.0
1619380335.5767138,622100,394.0
1619380382.2106335,622400,344.0
1619380444.5390546,622800,312.0
1619380662.461177,624200,406.0
1619380833.5864513,625300,434.0
1619380942.6387532,626000,452.0
1619381207.1651454,627700,512.0
1619381253.846057,628000,512.0
1619381331.6298475,628500,622.0
1619381409.555343,629000,522.0
1619381503.3705103,629600,600.0
1619381689.533154,630800,528.0
1619381705.1350992,630900,528.0
1619381969.2676628,632600,616.0
1619382016.0813825,632900,664.0
1619382125.2144887,633600,460.0
1619382544.5839274,636300,444.0
1619382575.7785854,636500,444.0
1619382684.4838321,637200,702.0
1619382964.1326253,639000,584.0
1619382995.0677433,639200,496.0
1619383103.8598504,639900,504.0
1619383243.541713,640800,410.0
1619383399.0955453,641800,494.0
1619383414.5479493,641900,512.0
1619383570.3386781,642900,496.0
1619383632.6010478,643300,446.0
1619383648.1018374,643400,428.0
1619383943.4764445,645300,456.0
1619384021.312164,645800,238.0
1619384052.323863,646000,252.0
1619384114.5132456,646400,246.0
1619384254.2451823,647300,494.0
1619384535.1634805,649100,394.0
1619384845.8662448,651100,572.0
1619384961.4107602,651600,442.0
1619385101.8291264,652500,732.0
1619385195.1106412,653100,316.0
1619385210.693416,653200,316.0
1619385226.3879344,653300,316.0
1619385273.3863227,653600,564.0
1619385320.1120775,653900,578.0
1619385662.7645729,656100,548.0
1619385927.7427561,657800,700.0
1619385943.230973,657900,700.0
1619386005.7512195,658300,660.0
1619386083.4719927,658800,504.0
1619386192.5119376,659500,322.0
1619386332.93497,660400,466.0
1619386364.152879,660600,466.0
1619386520.0302396,661600,268.0
1619386613.5552566,662200,418.0
1619386644.8225822,662400,436.0
1619386738.3268,663000,384.0
1619386769.4480124,663200,424.0
1619386800.4681404,663400,386.0
1619386987.2893066,664600,412.0
1619387018.4356697,664800,418.0
1619387049.5687628,665000,394.0
1619387407.4725342,667300,494.0
1619387547.4633121,668200,498.0
1619387593.8687096,668500,466.0
1619387842.8735669,670100,520.0
1619387998.025881,671100,352.0
1619388013.5388749,671200,506.0
1619388044.632326,671400,466.0
1619388138.0668705,672000,464.0
1619388231.2117558,672600,478.0
1619388340.0234072,673300,422.0
1619388417.8733056,673800,458.0
1619388526.7124212,674500,552.0
1619388619.975595,675100,584.0
1619388822.223267,676400,442.0
1619389226.6532114,679000,430.0
1619389537.8013537,681000,358.0
1619389584.7452185,681300,360.0
1619389646.9214373,681700,360.0
1619389662.5153227,681800,356.0
1619389771.3985727,682500,282.0
1619390035.903596,684200,494.0
1619390206.8632846,685300,228.0
1619390377.81713,686400,314.0
1619390486.8409302,687100,268.0
1619390580.4022799,687700,324.0
1619390953.4807851,690100,332.0
1619391683.7438562,694800,336.0
1619391808.2553937,695600,316.0
1619391870.245868,696000,410.0
1619392072.489612,697300,268.0
1619392243.5912566,698400,390.0
1619392306.0799475,698800,394.0
1619392430.2483335,699600,260.0
1619392445.9375088,699700,260.0
1619392508.0856013,700100,316.0
1619392648.10212,701000,194.0
1619392663.5311031,701100,194.0
1619392848.7981493,702100,364.0
1619392864.3875763,702200,290.0
1619392879.8735673,702300,290.0
1619393004.437045,703100,672.0
1619393315.5036557,705100,412.0
1619393688.8909326,707500,252.0
1619393751.2536838,707900,342.0
1619393782.4289675,708100,336.0
1619393798.0466635,708200,336.0
1619393844.7177632,708500,352.0
1619394000.0731559,709500,258.0
1619394139.8574579,710400,228.0
1619394186.6049244,710700,388.0
1619394341.9371853,711700,248.0
1619394419.6248527,712200,214.0
1619394979.6439383,715800,360.0
1619395119.9146147,716700,392.0
1619395151.2813096,716900,508.0
1619395213.4746394,717300,394.0
1619395307.0217576,717900,180.0
1619395353.7913702,718200,188.0
1619395462.8369274,718900,296.0
1619395587.4270601,719700,484.0
1619395634.1804087,720000,400.0
1619395758.8029604,720800,434.0
1619395821.200482,721200,560.0
1619395884.0386608,721600,486.0
1619396039.74479,722600,174.0
1619396055.4194603,722700,174.0
1619396242.3598456,723900,312.0
1619396304.5135794,724300,486.0
1619396413.383338,725000,400.0
1619396475.482607,725400,370.0
1619396646.7278328,726500,180.0
1619396833.4745362,727700,270.0
1619397082.0731413,729300,202.0
1619397471.432875,731800,480.0
1619397705.1742036,733300,408.0
1619397923.1873043,734700,560.0
1619397985.4464316,735100,534.0
1619398047.759364,735500,426.0
1619398172.2400596,736300,178.0
1619398265.8397305,736900,332.0
1619398281.3283415,737000,332.0
1619398546.6560724,738700,308.0
1619398686.763601,739600,458.0
1619398780.1125567,740200,530.0
1619398904.652906,741000,450.0
1619398951.3219836,741300,490.0
1619399294.000641,743500,334.0
1619399559.1462128,745200,304.0
1619399621.4145238,745600,286.0
1619399746.0454905,746400,244.0
1619399792.7296314,746700,408.0
1619399886.1104748,747300,426.0
1619400166.3849587,749100,292.0
1619400197.4331415,749300,292.0
1619400477.683104,751100,392.0
1619400540.1375608,751500,510.0
1619400623.0760732,751800,452.0
1619400856.2967849,753300,334.0
1619400902.9416344,753600,386.0
1619400964.9380698,754000,230.0
1619401073.8164155,754700,318.0
1619401276.3785994,756000,376.0
1619401369.9351375,756600,434.0
1619401588.0292056,758000,474.0
1619401775.0569818,759200,268.0
1619401883.9578168,759900,274.0
1619402008.5374,760700,300.0
1619402132.95725,761500,492.0
1619402148.6386957,761600,562.0
1619402226.364706,762100,440.0
1619402288.7625227,762500,548.0
1619402491.2253704,763800,452.0
1619402553.730874,764200,448.0
1619402771.7000504,765600,272.0
1619402958.501663,766800,624.0
1619402973.9803813,766900,330.0
1619403083.3679664,767600,468.0
1619403208.2599888,768400,430.0
1619403301.5081456,769000,286.0
1619403395.123601,769600,220.0
1619403503.9888418,770300,284.0
1619403535.3453739,770500,288.0
1619403675.5548527,771400,340.0
1619403706.6516035,771600,496.0
1619403722.084811,771700,496.0
1619404018.195634,773600,252.0
1619404065.0371969,773900,262.0
1619404204.9036756,774800,150.0
1619404407.052166,776100,254.0
1619404577.783925,777200,282.0
1619404624.5278115,777500,416.0
1619404780.15869,778500,548.0
1619405029.6123257,780100,436.0
1619405200.869187,781200,340.0
1619405481.322514,783000,554.0
1619405637.2086496,784000,436.0
1619405652.7545803,784100,436.0
1619405730.832985,784600,338.0
1619405746.4007642,784700,466.0
1619405855.427165,785400,596.0
1619405917.5921981,785800,672.0
1619405933.045723,785900,512.0
1619405948.609581,786000,486.0
1619406290.9311576,788200,292.0
1619406306.542266,788300,292.0
1619406368.6600506,788700,272.0
1619406399.7048612,788900,398.0
1619406539.5894063,789800,234.0
1619406601.7676272,790200,342.0
1619406648.6121058,790500,436.0
1619407053.273071,793100,354.0
1619407068.9615812,793200,396.0
1619407209.1792443,794100,280.0
1619407255.807139,794400,224.0
1619407318.174887,794800,382.0
1619407364.63008,795100,402.0
1619407520.4779546,796100,256.0
1619407536.0191562,796200,256.0
1619407551.4613125,796300,258.0
1619407566.9675207,796400,258.0
1619407644.5153284,796900,256.0
1619407737.8383427,797500,250.0
1619407800.1636767,797900,304.0
1619407831.3208675,798100,364.0
1619408079.9204066,799700,372.0
1619408173.2845805,800300,490.0
1619408188.6433377,800400,500.0
1619408313.0235639,801200,496.0
1619408443.8822296,801800,672.0
1619408646.695661,803100,268.0
1619408755.5756135,803800,718.0
1619408910.9696183,804800,468.0
1619409315.4101977,807400,246.0
1619409672.8401494,809700,226.0
1619409781.922359,810400,406.0
1619409875.4381652,811000,566.0
1619409921.9308083,811300,496.0
1619410404.417034,814400,596.0
1619410420.0188136,814500,596.0
1619410669.2340138,816100,886.0
1619410684.9806485,816200,886.0
1619410840.6050894,817200,604.0
1619410887.1731298,817500,490.0
1619410918.2997231,817700,574.0
1619411089.1949887,818800,236.0
1619411182.7430134,819400,278.0
1619411229.3248825,819700,316.0
1619411291.7704687,820100,470.0
1619411540.9501252,821700,460.0
1619411571.9046583,821900,386.0
1619411587.5667553,822000,386.0
1619411649.76291,822400,364.0
1619411696.437985,822700,290.0
1619411727.4684894,822900,326.0
1619411945.2300487,824300,316.0
1619412007.3441503,824700,372.0
1619412178.704876,825800,856.0
1619412225.2702723,826100,716.0
1619412536.3214746,828100,446.0
1619412660.8933315,828900,438.0
1619412816.135065,829900,354.0
1619412831.7638702,830000,354.0
1619413002.5941582,831100,290.0
1619413359.809838,833400,546.0
1619413437.62742,833900,610.0
1619413702.620628,835600,470.0
1619414061.310062,837900,848.0
1619414092.389148,838100,830.0
1619414388.3797615,840000,330.0
1619414404.0473247,840100,330.0
1619414466.0912743,840500,496.0
1619414528.1211503,840900,548.0
1619414808.1163125,842700,372.0
1619414901.311523,843300,374.0
1619414916.9533248,843400,374.0
1619415570.6066911,847600,348.0
1619415695.303604,848400,392.0
1619415819.7117176,849200,300.0
1619415835.4388866,849300,300.0
1619416100.1151822,851000,470.0
1619416264.4850307,851800,660.0
1619416342.3000927,852300,702.0
1619416404.8170197,852700,670.0
1619416576.1860833,853800,544.0
1619416763.0254614,855000,242.0
1619416809.8448727,855300,320.0
1619416841.1098762,855500,320.0
1619416903.2801805,855900,524.0
1619417027.8115165,856700,552.0
1619417636.0673578,860600,414.0
1619417963.411585,862700,598.0
1619418056.937769,863300,596.0
1619418072.4165003,863400,596.0
1619418103.4647977,863600,632.0
1619418337.3337011,865100,530.0
1619418446.5154238,865800,590.0
1619418805.0563867,868100,324.0
1619418836.1857147,868300,280.0
1619418867.3426795,868500,280.0
1619419039.0672777,869600,474.0
1619419085.9689538,869900,564.0
1619419350.586635,871600,612.0
1619419444.1034863,872200,530.0
1619419647.0043025,873500,568.0
1619419958.4621005,875500,1022.0
1619420098.6383388,876400,546.0
1619420316.7126675,877800,266.0
1619420347.9238796,878000,228.0
1619420379.1441805,878200,304.0
1619420519.1274414,879100,452.0
1619420659.8582945,880000,452.0
1619420784.1874835,880800,488.0
1619421096.7681177,882800,462.0
1619421127.9687505,883000,450.0
1619421174.6154585,883300,468.0
1619421205.763592,883500,468.0
1619421299.2142563,884100,748.0
1619421485.9240189,885300,1108.0
1619421501.4616828,885400,1196.0
1619421610.4482963,886100,530.0
1619421657.3181996,886400,518.0
1619421735.1005955,886900,530.0
1619421844.178697,887600,618.0
1619421875.4330077,887800,618.0
1619422342.479399,890800,456.0
1619422670.216188,892900,570.0
1619422841.6662126,894000,618.0
1619422888.358624,894300,616.0
1619422966.357446,894800,822.0
1619423090.7024744,895600,602.0
1619423215.4715633,896400,530.0
1619423277.6862583,896800,440.0
1619423293.4778156,896900,440.0
1619423324.7408688,897100,394.0
1619423371.4459743,897400,358.0
1619423480.3521006,898100,458.0
1619423542.526379,898500,460.0
1619423604.8220782,898900,486.0
1619423745.164671,899800,448.0
1619423760.7238462,899900,448.0
1619423838.7975552,900400,470.0
1619423901.7868304,900800,434.0
1619423918.7986906,900900,434.0
1619423951.3033705,901100,494.0
